id,glottocode,is_segmented,pred,gold
st_test_lezg1247_0,lezg1247,yes,this boy-DIR-GEN-ERG hand threw-AOR one pair took-INESS,this boy-DIR-GEN-ERG hand threw-AOR one pair take-INESS
st_test_lezg1247_0,lezg1247,no,this boy-DIR-GEN-ERG hand threw-AOR one pair take-INESS,this boy-DIR-GEN-ERG hand threw-AOR one pair take-INESS
st_test_lezg1247_1,lezg1247,yes,himself-FOC be-PERF-PTP story-PL was,reflxv-FOC be-PERF-PST work-PL was
st_test_lezg1247_1,lezg1247,no,himself-FOC be-PERF-PTP story-PL was,reflxv-FOC be-PERF-PST work-PL was
st_test_lezg1247_2,lezg1247,yes,far apperance-AOR 1pl.abs,far apperance-AOR 1pl.abs 
st_test_lezg1247_2,lezg1247,no,far apperance-AOR 1pl.abs,far apperance-AOR 1pl.abs 
st_test_lezg1247_3,lezg1247,yes,come go-MSD sea-OBL-GEN bank-OBL-DAT say-ENT,come go-GEN sea-OBL-GEN bank-ERG-DAT say-ENT
st_test_lezg1247_3,lezg1247,no,come go-GEN sea-OBL-GEN bank-ERG-DAT say-ENT,come go-GEN sea-OBL-GEN bank-ERG-DAT say-ENT
st_test_lezg1247_4,lezg1247,yes,then vacation give-AOR 1sg.ERG-DAT,then vacation give-AOR 1sg.ERG-DAT
st_test_lezg1247_4,lezg1247,no,then vacation give-AOR 1sg.ERG-DAT,then vacation give-AOR 1sg.ERG-DAT
st_test_lezg1247_5,lezg1247,yes,go-AOR say-AOR you say-AOR 1sg.gen horse-OBL-GEN leg hit not.make.PRF.PTP-PERF-PST one place-OBL-SPSS-EL say-AOR 1sg.ERG-DAT one place say-AOR soil bring.IMPV say-AOR,go-AOR say-AOR you say-AOR 1sg.gen horse-ERG-GEN leg hit not.make.PRF.PTP-PERF-PST one place-ERG-SPSS-EL say-AOR 1sg.ERG-DAT one piece say-AOR soil bring.IMPV say-AOR
st_test_lezg1247_5,lezg1247,no,go-AOR say-AOR you say-AOR 1sg.gen horse-ERG-GEN leg hit not.make.PRF.PTP-PERF-PST one place-ERG-SPSS-EL say-AOR 1sg.ERG-DAT one place say-AOR soil bring.IMPV say-AOR,go-AOR say-AOR you say-AOR 1sg.gen horse-ERG-GEN leg hit not.make.PRF.PTP-PERF-PST one place-ERG-SPSS-EL say-AOR 1sg.ERG-DAT one piece say-AOR soil bring.IMPV say-AOR
st_test_lezg1247_6,lezg1247,yes,say-AOC 1pl.erg way.road-INESS-SPSS CAME.DOWN-AOR road separated you.know,say-AOR 1pl.erg way.road-INESS-SPSS CAME.DOWN-AOR road separated you.know
st_test_lezg1247_6,lezg1247,no,say-AOR 1pl.erg way.road-INESS-SPSS CAME.DOWN-AOR road separated you.know,say-AOR 1pl.erg way.road-INESS-SPSS CAME.DOWN-AOR road separated you.know
st_test_lezg1247_7,lezg1247,yes,Berlin-INELAT France-DIR-DAT,Berlin-INELAT France-DIR-DAT
st_test_lezg1247_7,lezg1247,no,Berlin-INELAT France-DIR-DAT,Berlin-INELAT France-DIR-DAT
st_test_lezg1247_8,lezg1247,yes,1pl.abs road come-PERF-AOR return-PL-TEMP,1pl.abs road took-AOR return-PL-TEMP
st_test_lezg1247_8,lezg1247,no,1pl.abs road took-AOR return-PL-TEMP,1pl.abs road took-AOR return-PL-TEMP
st_test_lezg1247_9,lezg1247,yes,them-FOC house-PL-ERG-DAT open-AOR,them-Q HOUSE-PL-DAT-days-DAT appereance-AOR
st_test_lezg1247_9,lezg1247,no,they-FOC house-PL-ERG-DAT open-AOR,them-Q HOUSE-PL-DAT-days-DAT appereance-AOR
st_test_lezg1247_10,lezg1247,yes,good 2sg.gen take.care.of-DIR-SBSS take.care.of-AOR 1sg.ERG-DAT good was good-ERG-PL take-AOR remember-PL-ERG-GEN side-INELAT,good our took.care-DIR-SBSS remain-AOR 1sg.ERG-DAT great was favours show-AOR people-DIR-GEN side.on-AOP
st_test_lezg1247_10,lezg1247,no,brain our side.of-DIR-SBSS take.care.of-AOR 1sg.ERG-DAT good was good-POESS-PL brain-AOR hammering-DIR-GEN together,good our took.care-DIR-SBSS remain-AOR 1sg.ERG-DAT great was favours show-AOR people-DIR-GEN side.on-AOP
st_test_lezg1247_11,lezg1247,yes,Samur newspaper come-PERF time-INESS 00 20,Samur newspaper come-PTP time-INESS 00 20
st_test_lezg1247_11,lezg1247,no,Samur newspaper come-PST time-ENT 00 20,Samur newspaper come-PTP time-INESS 00 20
st_test_lezg1247_12,lezg1247,yes,evil-PURP make-DAT want-IPFV even boy-DIR-DAT,evil-PURP make-DAT want-IPFV even boy-DIR-DAT
st_test_lezg1247_12,lezg1247,no,evil-PURP make-DAT want-IPFV even boy-DIR-DAT,evil-PURP make-DAT want-IPFV even boy-DIR-DAT
st_test_lezg1247_13,lezg1247,yes,1sg.ERG what-DIR-GEN say-ENT but looking-IPFV-NEG-Q say-ENT king-DIR-DAT 1sg.ERG-AT-PST now pearls-DIR-GEN owner want-IPFV ,1sg.ERG what-ERG-GEN say-ENT but to.see-IPFV-NEG-FOC say-ENT king-DIR-DAT 1sg.ERG-AT-EL now pearls-ERG-GEN owner want-IPFV 
st_test_lezg1247_13,lezg1247,no,1sg.ERG what-ERG-GEN say-ENT but looking-IPFV-NEG-Q say-ENT king-DIR-DAT 1sg.ERG-INELAT now pearls-ERG-GEN owner want-IPFV ,1sg.ERG what-ERG-GEN say-ENT but to.see-IPFV-NEG-FOC say-ENT king-DIR-DAT 1sg.ERG-AT-EL now pearls-ERG-GEN owner want-IPFV 
st_test_lezg1247_14,lezg1247,yes,according.AOC Ma'am-DIR himself-OBL-GEN book create-AOC and that.the.same book-OBL-AT write-AOC this book write-PERF,Sedaget Ma'am-ERG himself-ERG-GEN form creating.after-AOR and that.the.same form-DIR-AT put-AOR this book write-PERF
st_test_lezg1247_14,lezg1247,no,according.AOC MASC.ERG-ERG-AOP himself-OBL-GEN form create-AOC and that.the.same form-OBL-AT write-AOC this book write-PERF,Sedaget Ma'am-ERG himself-ERG-GEN form creating.after-AOR and that.the.same form-DIR-AT put-AOR this book write-PERF
st_test_lezg1247_15,lezg1247,yes,that.the.same this boatman-DIR-FOC say-AOR he.also-FOC say-AOR 1sg.abs say-AOR guy.from removing.AOC-AOR say-AOR decieved.ENT-PL-AOR himself-DIR-GEN house-OBL-DAT take.FUT-IPFV-PST was,today this boatman-DIR-FOC say-AOR he.also-FOC say-AOR 1sg.abs say-AOR guy.from removing.AOC-AOR say-AOR decieved.ENT-PL-AOR himself-ERG-GEN house-OBL-DAT take.FUT-IPFV-PST was
st_test_lezg1247_15,lezg1247,no,that.the.same this boatman-DIR-FOC say-AOR he.also-FOC say-AOR 1sg.abs say-AOR guy.from removing.AOC-AOR say-AOR decieved.ENT-PL-AOR himself-ERG-GEN house-OBL-DAT take-IPFV-PST was,today this boatman-DIR-FOC say-AOR he.also-FOC say-AOR 1sg.abs say-AOR guy.from removing.AOC-AOR say-AOR decieved.ENT-PL-AOR himself-ERG-GEN house-OBL-DAT take.FUT-IPFV-PST was
st_test_lezg1247_16,lezg1247,yes,no say-ENT 1sg.gen lips-PL-OBL-SPSS wound happened-PERF say-ENT that ladel-INESS is-DAT one water order.IMPV please.do 1sg.ERG-DAT ,no say-ENT 1sg.gen lips-PL-INESS-SPSS wound happened-PERF say-ENT that mug?-INESS is-DAT one water order.IMPV please.do 1sg.ERG-DAT 
st_test_lezg1247_16,lezg1247,no,no say-ENT 1sg.gen lips-PL-OBL-SPSS wound happened-PERF say-ENT that mistake-INESS is-DAT one water order.IMPV please.do 1sg.ERG-DAT ,no say-ENT 1sg.gen lips-PL-INESS-SPSS wound happened-PERF say-ENT that mug?-INESS is-DAT one water order.IMPV please.do 1sg.ERG-DAT 
st_test_lezg1247_17,lezg1247,yes,like.this be.able that say-ENT,like.that will.not.be that say-ENT
st_test_lezg1247_17,lezg1247,no,like.this be.able that say-ENT,like.that will.not.be that say-ENT
st_test_lezg1247_18,lezg1247,yes,shepherd-ERG dog-DAT like.this case-PL make-FUT-PROH cop.NEG,shepherd-DIR dog-DAT such move-PL make-FUT-PST cop.NEG
st_test_lezg1247_18,lezg1247,no,shepherd-ERG dog-ERG-DAT like.this case-PL make-FUT-PROH cop.NEG,shepherd-DIR dog-DAT such move-PL make-FUT-PST cop.NEG
st_test_lezg1247_19,lezg1247,yes,1pl.gen village-INESS coming-AOC say-PST-TEMP 1sg.ERG coming-AOC concert-Q give-PST-SBST was this village-INESS coming-AOR,1pl.gen village-INESS come-AOC say-PST-TEMP 1sg.ERG come-AOC concert-Q give-PST-SBST was this village.in-INESS come-AOR
st_test_lezg1247_19,lezg1247,no,1pl.gen village-INESS coming-AOC say-PST-TEMP 1sg.ERG coming-AOC concert-Q give-PST-SBST or this village-INESS coming-AOR,1pl.gen village-INESS come-AOC say-PST-TEMP 1sg.ERG come-AOC concert-Q give-PST-SBST was this village.in-INESS come-AOR
st_test_lezg1247_20,lezg1247,yes,road look.NEG.FUT-DAT be.able-AOR-NFIN in.order.to-AOR,road to.see-DAT will.stay-AOR-DAT SUDDENLY-AOR
st_test_lezg1247_20,lezg1247,no,road is.not be.able.to.AOR-NFIN TO.AUX.NEG-AOR,road to.see-DAT will.stay-AOR-DAT SUDDENLY-AOR
st_test_lezg1247_21,lezg1247,yes,this voice hit boy-PL-ERG say-AOR that that.day cassete give.will-NFIN you.know kind.of,this case seen 1pl.gen-ABS.PL-ERG say-AOR that hey.man today give you.know 1pl.gen-ADESS
st_test_lezg1247_21,lezg1247,no,this voice hit boys-ERG say-AOR that this.day day what.happens you.know cassete,this case seen 1pl.gen-ABS.PL-ERG say-AOR that hey.man today give you.know 1pl.gen-ADESS
st_test_lezg1247_22,lezg1247,yes,and she earlier that.the.same being.position-DIR-GEN position.in very value be-PERF-COND that.the.same person put-PERF,and then how that.the.same scale-DIR-GEN arrow very up happened-PERF-COND that before put-PERF
st_test_lezg1247_22,lezg1247,no,and she his that.the.same position-OBL-GEN position very value be-PERF-COND that.the.same person put-PERF,and then how that.the.same scale-DIR-GEN arrow very up happened-PERF-COND that before put-PERF
st_test_lezg1247_23,lezg1247,yes,that-OBL-GEN these-OBL-GEN village-OBL-PL small-DIR cop maybe-INESS great?-PL,village-ERG-GEN they-ERG-GEN house-ERG-PL ground.in-ERG cop low-INESS window
st_test_lezg1247_23,lezg1247,no,that they-ERG-GEN village-PL little cop inside-INESS little.ones-PL,village-ERG-GEN they-ERG-GEN house-ERG-PL ground.in-ERG cop low-INESS window
st_test_lezg1247_24,lezg1247,yes,he.also-GEN mount.ENT-AOR then bring.again-AOR 1pl.abs one city-DIR-DAT,he.also-GEN mount.ENT-AOR then bring.again-AOR 1pl.abs one city-DIR-DAT
st_test_lezg1247_24,lezg1247,no,he.also-GEN mount.ENT-AOR then bring.again-AOR 1pl.abs one city-DIR-DAT,he.also-GEN mount.ENT-AOR then bring.again-AOR 1pl.abs one city-DIR-DAT
st_test_lezg1247_25,lezg1247,yes,Let.it.be say-ENT,Let.it.be say-ENT
st_test_lezg1247_25,lezg1247,no,Let.it.be say-ENT,Let.it.be say-ENT
st_test_lezg1247_26,lezg1247,yes,approximately *to.you-DAT high-ENT-AT-SPSS 1pl.gen death-INESS is-PST high-ERG-SPSS-AOP high mountain-PL-ERG-AT close-SPSS one village was,Sudur-ERG-FOC 2pl-DAT knowing-FUT.PTP-PURP 1pl.gen valley-INESS is-PST EVERYTHING-INESS-SPSS-EL-FOC high mountain-SPSS-PL-ERG-AT close-SPSS one village.in was
st_test_lezg1247_26,lezg1247,no,as.you.know-FOC you know-ENT-AT-SPSS 1pl.gen till-INESS is-PST high-ERG-SPSS-FOC high mountain-PL-ERG-AT close one village was,Sudur-ERG-FOC 2pl-DAT knowing-FUT.PTP-PURP 1pl.gen valley-INESS is-PST EVERYTHING-INESS-SPSS-EL-FOC high mountain-SPSS-PL-ERG-AT close-SPSS one village.in was
st_test_lezg1247_27,lezg1247,yes,cutting.IMC-DAT give-AOR these-OBL-GEN chapter-PL-FOC,cutting.IMC-DAT give-AOR these-ERG-GEN chapter-PL-FOC
st_test_lezg1247_27,lezg1247,no,cutting.IMC-DAT give-AOR these-ERG-GEN chapter-PL-FOC,cutting.IMC-DAT give-AOR these-ERG-GEN chapter-PL-FOC
st_test_lezg1247_28,lezg1247,yes,1sg.gen chapter-OBL-SPSS-FOC very come-AOP-SBST was,my chapter-ERG-SPSS-FOC very coming-PST-SBST cop
st_test_lezg1247_28,lezg1247,no,my chapter-ERG-SPSS-FOC very come-PST-SBST was,my chapter-ERG-SPSS-FOC very coming-PST-SBST cop
st_test_lezg1247_29,lezg1247,yes,want-ERG sweetheart-ERG-DAT 2sg.gen heart-INESS say-FUT-PST word-PL he-Q?,want-ERG sweetheart-DIR-DAT 2sg.gen heart-INESS say-FUT-PST word-PL he-Q
st_test_lezg1247_29,lezg1247,no,want-ERG sweetheart-DIR-DAT 2sg.gen heart-INESS say-FUT-PST word-PL he-FOC?,want-ERG sweetheart-DIR-DAT 2sg.gen heart-INESS say-FUT-PST word-PL he-Q
st_test_lezg1247_30,lezg1247,yes,seen-AOC things write-AOC stage not today-DAT 1sg.ERG coming-AOC how make.do-AOC-COND this one thing here done-AOC himself-DIR create-AOC write-AOC-PST-SBST was dastan,seen things write-AOC stage not today-AT-DAT 1sg.ERG come-AOC how make.do-AOC-COND this one thing her created-AOC himself-ERG created-AOC writing-IMC-AOP-DIR was dastan
st_test_lezg1247_30,lezg1247,no,what thing see-AOC stage no today-DAT 1sg.ERG come-AOC how make.do-AOC-COND this one thing here done-AOC himself-ERG create-AOC write-PST-SBST was dastan,seen things write-AOC stage not today-AT-DAT 1sg.ERG come-AOC how make.do-AOC-COND this one thing her created-AOC himself-ERG created-AOC writing-IMC-AOP-DIR was dastan
st_test_lezg1247_31,lezg1247,yes,1sg.ERG-DAT great fear be-AOR,1sg.ERG-DAT great fear be-AOR
st_test_lezg1247_31,lezg1247,no,1sg.ERG-DAT great fear be-AOR,1sg.ERG-DAT great fear be-AOR
st_test_lezg1247_32,lezg1247,yes,converse-PL giving-DAT go-PST-TEMP seen-COND that but happening-INESS-AOP her himself-OBL-DAT write-PERF registration,concert-PL give.will-DAT go-PST-TEMP seen-COND that but really-INESS-EL her himself-ERG-DAT write-PERF dastan
st_test_lezg1247_32,lezg1247,no,consider-PL give-DAT go-PST-TEMP seen-COND that but happening-INESS-PST her himself-ERG-DAT write-PERF registration,concert-PL give.will-DAT go-PST-TEMP seen-COND that but really-INESS-EL her himself-ERG-DAT write-PERF dastan
st_test_lezg1247_33,lezg1247,yes,1sg.ERG-DAT now house-INESS one grandmother-FOC cop,1sg.ERG-DAT now house-INESS one wife-FOC cop
st_test_lezg1247_33,lezg1247,no,1sg.ERG-DAT now house-INESS one daughter-in-law cop,1sg.ERG-DAT now house-INESS one wife-FOC cop
st_test_lezg1247_34,lezg1247,yes,that-SBSS-AOP because 1sg.ERG-AT-EL courtyard.in-OBL-SPSS-FOC go-DAT could.not.be-IPFV-NEG,she-SBSS-EL ashamed 1sg.ERG-AT-EL yard.in-INESS-SPSS-FOCUS go-IMC be-IPFV-NEG
st_test_lezg1247_34,lezg1247,no,like.that because 1sg.ERG-AT-EL courtyard-INESS-SPSS-FOC go-NFIN be-IPFV-NEG,she-SBSS-EL ashamed 1sg.ERG-AT-EL yard.in-INESS-SPSS-FOCUS go-IMC be-IPFV-NEG
st_test_lezg1247_35,lezg1247,yes,1sg.ERG what-DIR-GEN say-ENT but looking-IPFV-NEG-Q say-ENT king-DIR-DAT 1sg.ERG-AT-PST now pearls-DIR-GEN owner want-IPFV ,1sg.ERG what-ERG-GEN say-ENT but to.see-IPFV-NEG-FOC say-ENT king-DIR-DAT 1sg.ERG-AT-EL now pearls-ERG-GEN owner want-IPFV 
st_test_lezg1247_35,lezg1247,no,1sg.ERG what-ERG-GEN say-ENT but looking-IPFV-NEG-Q say-ENT king-DIR-DAT 1sg.ERG-INELAT now pearls-ERG-GEN owner want-IPFV ,1sg.ERG what-ERG-GEN say-ENT but to.see-IPFV-NEG-FOC say-ENT king-DIR-DAT 1sg.ERG-AT-EL now pearls-ERG-GEN owner want-IPFV 
st_test_lezg1247_36,lezg1247,yes,pan-PL dish-PL rice-PL they with go-AOC that.the.same young girl-PL-ERG this young girl-PL-ERG,pans-PL dishes-PL rice-PL they with go-AOR there young girl-PL-ERG this great girl-PL-ERG 
st_test_lezg1247_36,lezg1247,no,pan-PL dish-PL rice-PL they with go-AOR that.the.same young girl-PL-ERG this young girl-PL-ERG,pans-PL dishes-PL rice-PL they with go-AOR there young girl-PL-ERG this great girl-PL-ERG 
st_test_lezg1247_37,lezg1247,yes,himself-DIR more who-ERG chapter say-AOR,himself-ERG more what-ENT so.much say-AOR
st_test_lezg1247_37,lezg1247,no,himself-ERG more what-ENT she.tired say-AOR,himself-ERG more what-ENT so.much say-AOR
st_test_lezg1247_38,lezg1247,yes,he.and.she-DAT coming-AOC say-PERF that he.also-SPSS this wood-PL 2sg.gen 1sg.ERG-DAT order.IMPV give say-PERF 06 29,he.also-DAT coming-AOR say-PERF that here this wood-PL 2sg.gen 1sg.ERG-DAT sell give say-PERF 06 29
st_test_lezg1247_38,lezg1247,no,he.also-DAT coming-AOR say-PERF that here-SPSS this wood-PL 2sg.gen 1sg.ERG-DAT order.IMPV give.FUT say-PERF 06 29,he.also-DAT coming-AOR say-PERF that here this wood-PL 2sg.gen 1sg.ERG-DAT sell give say-PERF 06 29
st_test_lezg1247_39,lezg1247,yes,second boy-ERG say-AOR 1sg.abs go-INESS father say-AOR now-INESS 1sg.ERG will.bring-ENT say-AOR,SECOND boy-ERG say-AOR 1sg.abs go-INESS father say-AOR now-INESS 1sg.ERG will.bring-ENT say-AOR
st_test_lezg1247_39,lezg1247,no,SECOND boy-ERG say-AOR 1sg.abs go-INESS father say-AOR now-INESS 1sg.ERG will.bring-ENT say-AOR,SECOND boy-ERG say-AOR 1sg.abs go-INESS father say-AOR now-INESS 1sg.ERG will.bring-ENT say-AOR
st_test_lezg1247_40,lezg1247,yes,more one good-FOC be-AOR-NEG say-AOR 1sg.ERG yes,more one thing-FOC happened-AOR-NEG say-AOR 1sg.ERG yes
st_test_lezg1247_40,lezg1247,no,more one good be-AOR-NEG say-AOR 1sg.ERG yes,more one thing-FOC happened-AOR-NEG say-AOR 1sg.ERG yes
st_test_lezg1247_41,lezg1247,yes,sea-OBL-GEN want-DIR-DAT go-MSD bottom-AOP-Q 1sg.abs sea-OBL-GEN steed-OBL-POESS with-DAT fight.AOC want-IPFV say-ENT,sea-OBL-GEN want-ERG-DAT a.going.MSD for-INELAT-FOC 1sg.abs sea-OBL-GEN steed-ERG-POESS with-DAT fight.AOC want-IPFV say-ENT
st_test_lezg1247_41,lezg1247,no,sea-OBL-GEN want-ERG-DAT go-MSD bottom-PST-Q 1sg.abs sea-OBL-GEN steed-OBL-POESS with-DAT fight-AOC want-IPFV say-ENT,sea-OBL-GEN want-ERG-DAT a.going.MSD for-INELAT-FOC 1sg.abs sea-OBL-GEN steed-ERG-POESS with-DAT fight.AOC want-IPFV say-ENT
st_test_lezg1247_42,lezg1247,yes,this girl-Q king happened-AOR now started.ENT-INESS himself-OBL-GEN reigned.ENT-DIR-DAT,this girl-Q king happened-AOR now started.ENT-INESS himself-ERG-GEN reigned.ENT-ERG-DAT
st_test_lezg1247_42,lezg1247,no,this girl-Q king happened-AOR now started.ENT-INESS himself-ERG-GEN reigned.ENT-ERG-DAT,this girl-Q king happened-AOR now started.ENT-INESS himself-ERG-GEN reigned.ENT-ERG-DAT
st_test_lezg1247_43,lezg1247,yes,friend-PL-DIR hot stayed-AOR that us-ERG decision-ERG-GEN as new weather,friend-PL-ERG advice see-AOR that weather today-GEN as warm was 
st_test_lezg1247_43,lezg1247,no,friend-PL-ERG hot say-AOR that us-ERG dream-ERG-GEN after new weather,friend-PL-ERG advice see-AOR that weather today-GEN as warm was 
st_test_lezg1247_44,lezg1247,yes,carry.IMPV this 1sg.gen portrait say-ENT that say-INESS there.from-PST spring.in-DIR-GEN chapter-INESS-SPSS is.there-PST spring.in-DIR-GEN chapter-INESS-SPSS put.IMPV say-ENT,carry.IMPV this 1sg.gen picture say-ENT that say-INESS there.from-PST country.in-DIR-GEN chapter-INESS-SPSS is.there-PST spring-DIR-GEN chapter-INESS-SPSS put.IMPV say-ENT
st_test_lezg1247_44,lezg1247,no,carry.IMPV this 1sg.gen portrait say-ENT that say-ENT there.from-PST province.in-DIR-GEN chapter-INESS-SPSS is.there-PST spring-DIR-GEN chapter-INESS-SPSS put.IMPV say-ENT,carry.IMPV this 1sg.gen picture say-ENT that say-INESS there.from-PST country.in-DIR-GEN chapter-INESS-SPSS is.there-PST spring-DIR-GEN chapter-INESS-SPSS put.IMPV say-ENT
st_test_lezg1247_45,lezg1247,yes,1pl.erg this facility.from-OBL-SUPER-AOP return-PL-TEMP,1pl.erg this facility.from-DIR-SPSS-EL return-PL-TEMP
st_test_lezg1247_45,lezg1247,no,1pl.erg this facility-OBL-SUPER-ABL return-PL-TEMP,1pl.erg this facility.from-DIR-SPSS-EL return-PL-TEMP
st_test_lezg1247_46,lezg1247,yes,housework-DIR-GEN work-PL all 1sg.ERG-SPSS be-AOC three brother-FOC one sister be-AOC 1sg.abs,house-OBL-GEN work-PL all 1sg.ERG-SPSS happened-AOR three brother-FOC one sister happened-AOR 1sg.abs
st_test_lezg1247_46,lezg1247,no,house-ERG-GEN work-PL all 1sg.ERG-SPSS be-AOC three brother-FOC one sister be-AOC 1sg.abs,house-OBL-GEN work-PL all 1sg.ERG-SPSS happened-AOR three brother-FOC one sister happened-AOR 1sg.abs
st_test_lezg1247_47,lezg1247,yes,he what-IPFV,he what-IPFV
st_test_lezg1247_47,lezg1247,no,that what-IPFV,he what-IPFV
st_test_lezg1247_48,lezg1247,yes,this plough putting.IPFV-IPFV-PTP-SBST Bebir uncle be-AOR,this plough who.was.putting-IPFV-PST-SBST Bebir uncle happened-AOR
st_test_lezg1247_48,lezg1247,no,this plough put-IPFV-PTP-SBST Bebir uncle be-AOR,this plough who.was.putting-IPFV-PST-SBST Bebir uncle happened-AOR
st_test_lezg1247_49,lezg1247,yes,return-AOR horse Yes say-AOR now help-INELAT go-DAT be-ENT say-AOR king-DIR-GEN girl will.bring-NFIN ,return-AOR horse Yes say-AOR now help-INELAT go-DAT be-ENT say-AOR king-DIR-GEN girl will.bring-DAT 
st_test_lezg1247_49,lezg1247,no,return-AOR horse Yes say-AOR now help-INELAT go-DAT be-ENT say-AOR king-DIR-GEN girl will.bring-DAT ,return-AOR horse Yes say-AOR now help-INELAT go-DAT be-ENT say-AOR king-DIR-GEN girl will.bring-DAT 
st_test_lezg1247_50,lezg1247,yes,finish happened-AOR then-SPSS 1pl.abs mortar.man-PL was man-PL be-INESS-PST three four,finish happened-AOR there-SPSS 1pl.abs mortar.men was mine-PL threw.ENT-ENT-PST three person
st_test_lezg1247_50,lezg1247,no,finish happened-AOR then 1pl.abs mortar.man-PL was mortar-PL be-ENT-PST three friend,finish happened-AOR there-SPSS 1pl.abs mortar.men was mine-PL threw.ENT-ENT-PST three person
st_test_lezg1247_51,lezg1247,yes,high.voltage line-DIR-GEN-FOC this our crane-DIR-GEN tip.in-DIR-GEN between-INESS one five one ve more centimeter did.again.ENT-AOR,high.voltage line-DIR-GEN-FOC this our crane-DIR-GEN arrow-DIR-GEN between-INESS one so.much one five centimeter place remain-AOR
st_test_lezg1247_51,lezg1247,no,High.voltage's-PL line-DIR-GEN-FOC this our crane-DIR-GEN tip.in-SPSS-DIR-GEN between-INESS one five one ve more centimeter drink-AOR,high.voltage line-DIR-GEN-FOC this our crane-DIR-GEN arrow-DIR-GEN between-INESS one so.much one five centimeter place remain-AOR
st_test_lezg1247_52,lezg1247,yes,2sg go-FUT?,you where ?
st_test_lezg1247_52,lezg1247,no,2sg go-FUT?,you where ?
st_test_lezg1247_53,lezg1247,yes,there-SPSS-AOP here earning-SPSS-DIR live-DIR-DAT resident.in-DIR-DAT one much good good-DIR-SBSS work happened-AOR,there-SPSS-EL after labour-POSTR earning-NFIN us-ERG-DAT one hadful bread good-DIR-SBSS live be-AOR
st_test_lezg1247_53,lezg1247,no,there-SPSS-AOP here earning.AOC-FUT-DIR live-HORT-ERG-DAT us-DAT one more reside good-DIR-SBSS work be-AOR,there-SPSS-EL after labour-POSTR earning-NFIN us-ERG-DAT one hadful bread good-DIR-SBSS live be-AOR
st_test_lezg1247_54,lezg1247,yes,matchmakers-PL-FOC send-IPFV 1sg.ERG say-AOR.,matchmakers.also-PL-FOC send-IPFV 1sg.ERG say-AOR .
st_test_lezg1247_54,lezg1247,no,matchmakers.also-PL-FOC send-IPFV 1sg.ERG say-AOR.,matchmakers.also-PL-FOC send-IPFV 1sg.ERG say-AOR .
st_test_lezg1247_55,lezg1247,yes,school-DIR-GEN carried wood such-FUT-PST one was,school-DIR-GEN wood thing putting-ENT-PST one was
st_test_lezg1247_55,lezg1247,no,school-DIR-GEN carried wood such-ENT-AOP one was,school-DIR-GEN wood thing putting-ENT-PST one was
st_test_lezg1247_56,lezg1247,yes,Poland-INELAT that-DAT Berlin-DIR-DAT,Poland-INELAT that-DAT Berlin-DIR-DAT
st_test_lezg1247_56,lezg1247,no,Poland-INELAT that-DAT Berlin-DIR-DAT,Poland-INELAT that-DAT Berlin-DIR-DAT
st_test_lezg1247_57,lezg1247,yes,sea-OBL-GEN steed sea-OBL-GEN horse,sea-OBL-GEN steed sea-OBL-GEN horse
st_test_lezg1247_57,lezg1247,no,sea-OBL-GEN steed sea-OBL-GEN horse,sea-OBL-GEN steed sea-OBL-GEN horse
st_test_lezg1247_58,lezg1247,yes,door knock-AOC quickly open-AOR look.IMP-PST-COND one old old.woman grandmother cop,door knock-AOC quickly open-AOR look.IMP-PST-COND one old old.woman grandmother cop
st_test_lezg1247_58,lezg1247,no,door knock-AOC quickly open-AOR look.IMP-PST-COND one old old.woman grandmother cop,door knock-AOC quickly open-AOR look.IMP-PST-COND one old old.woman grandmother cop
st_test_lezg1247_59,lezg1247,yes,our father died-FOC there-NEG forest-PL bringing.AOC-AOR want-IPFV you.know wood-OBL-INESS,our mother grandfather-FOC still.be.remain-NEG wood-PL bring-AOC dear-IPFV you.know feild-INESS-PST
st_test_lezg1247_59,lezg1247,no,1pl.gen father-ERG died-FOC be-NEG wood-PL bring-AOR want-IPFV you.know forest-SPSS-INELAT,our mother grandfather-FOC still.be.remain-NEG wood-PL bring-AOC dear-IPFV you.know feild-INESS-PST
st_test_lezg1247_60,lezg1247,yes,that-SPSS-AOP after 1sg.ERG ten year coming-AOR this morning-INESS 1sg.ERG culture.house-ERG-INELAT,there-SPSS-EL after 1sg.ERG ten year working-AOR this field-INESS 1sg.ERG house.of.culture.in-ERG-INESS
st_test_lezg1247_60,lezg1247,no,there-SPSS-AOP after 1sg.ERG ten year domestic.animal-AOR this work-ENT 1sg.ERG culture.house-PL-ENT,there-SPSS-EL after 1sg.ERG ten year working-AOR this field-INESS 1sg.ERG house.of.culture.in-ERG-INESS
st_test_lezg1247_61,lezg1247,yes,they-ERG 2sg.gen head secured-PL-ENT say-ENT,they-ERG 2sg.gen head secured-PL-ENT say-ENT
st_test_lezg1247_61,lezg1247,no,they-ERG 2sg.gen head secured-PL-ENT say-ENT,they-ERG 2sg.gen head secured-PL-ENT say-ENT
st_test_lezg1247_62,lezg1247,yes,05 ŀ6,05 16
st_test_lezg1247_62,lezg1247,no,05 ŀ6,05 16
st_test_lezg1247_63,lezg1247,yes,long very was she,alone old.woman was still.be.remain
st_test_lezg1247_63,lezg1247,no,lone very was he,alone old.woman was still.be.remain
st_test_lezg1247_64,lezg1247,yes,this.moment-INESS bought-ENT he.and take-ENT this house-OBL-DAT,AT.THIS.MOMENT-INESS bought-ENT he.and take-ENT this house-OBL-DAT
st_test_lezg1247_64,lezg1247,no,AT.THIS.MOMENT-INESS bought-ENT he.and take-ENT this house-OBL-DAT,AT.THIS.MOMENT-INESS bought-ENT he.and take-ENT this house-OBL-DAT
st_test_lezg1247_65,lezg1247,yes,child-FOC cop,child-FOC cop
st_test_lezg1247_65,lezg1247,no,child-FOC cop,child-FOC cop
st_test_lezg1247_66,lezg1247,yes,1pl.abs decision-PL one come,1pl.abs decision one was
st_test_lezg1247_66,lezg1247,no,1pl.abs decision-PL one was,1pl.abs decision one was
st_test_lezg1247_67,lezg1247,yes,where-PST want.COND.FOC 1sg.ERG-DAT find-AOR bring? ,where-PST want.COND.FOC 1sg.ERG-DAT find-AOR bring 
st_test_lezg1247_67,lezg1247,no,where-PST want.COND.FOC 1sg.ERG-DAT find-AOR bring? ,where-PST want.COND.FOC 1sg.ERG-DAT find-AOR bring 
st_test_lezg1247_68,lezg1247,yes,1pl.abs-FOC here-SPSS return-AOR,1pl.abs-FOC here-SPSS return-AOR
st_test_lezg1247_68,lezg1247,no,1pl.abs-FOC here return-AOR,1pl.abs-FOC here-SPSS return-AOR
st_test_lezg1247_69,lezg1247,yes,boy-DIR-GEN-ERG say-ENT oh king 1sg.ERG where-INELAT bring.HORT say-ENT 1sg.ERG-DAT know-IPFV-NEG even 1sg.ERG 2sg-DAT what-DIR-GEN how make-MSD?,boy-DIR-GEN-ERG say-ENT oh king 1sg.ERG which-INELAT bring.HORT say-ENT 1sg.ERG-DAT know-IPFV-NEG even 1sg.ERG 2sg-DAT what-ERG-GEN how make-GEN ?
st_test_lezg1247_69,lezg1247,no,boy-DIR-GEN-ERG say-ENT oh king 1sg.ERG which-INELAT bring.HORT say-ENT 1sg.ERG-DAT know-IPFV-NEG even 1sg.ERG 2sg-DAT what-ERG-GEN how make-GEN?,boy-DIR-GEN-ERG say-ENT oh king 1sg.ERG which-INELAT bring.HORT say-ENT 1sg.ERG-DAT know-IPFV-NEG even 1sg.ERG 2sg-DAT what-ERG-GEN how make-GEN ?
st_test_lezg1247_70,lezg1247,yes,Sevastopol-INESS war happened-AOR,Sevastopol-INESS war happened-AOR
st_test_lezg1247_70,lezg1247,no,Sevastopol-INESS war happened-AOR,Sevastopol-INESS war happened-AOR
st_test_lezg1247_71,lezg1247,yes,mount.ENT this king these-ERG donkey.on horse-SPSS mount.ENT donkey.on mount.ENT or fire.and released.ENT he this village.out.of down,mount.ENT this king these-ERG donkey.on horse-SPSS mount.ENT donkey.on mount.ENT or fire.and released.ENT he this village.out.of down
st_test_lezg1247_71,lezg1247,no,mount.ENT this king these-ERG donkey.on horse-SPSS mount.ENT donkey.on mount.ENT or fire.and released.ENT he this village.out.of down,mount.ENT this king these-ERG donkey.on horse-SPSS mount.ENT donkey.on mount.ENT or fire.and released.ENT he this village.out.of down
st_test_lezg1247_72,lezg1247,yes,they.and that.happening.AOC return-ENT this boy-Q girl boy-Q girl return-ENT these their.own province.in-ERG-DAT,they.and that.happing.AOC return-ENT this boy-Q girl boy-Q girl return-ENT these their.own province.in-ERG-DAT
st_test_lezg1247_72,lezg1247,no,they.and that.happening.AOC return-ENT this boy-Q girl boy-Q girl return-ENT these their.own province.in-DIR-DAT,they.and that.happing.AOC return-ENT this boy-Q girl boy-Q girl return-ENT these their.own province.in-ERG-DAT
st_test_lezg1247_73,lezg1247,yes,1pl.abs that-INESS Christians-DIR in.front religion 1pl.gen before-AOP time was 1pl.gen-DAT,1pl.abs then before still Christian religion be.in.CONT-AOP time was 1pl.gen-DAT
st_test_lezg1247_73,lezg1247,no,1pl.abs that-INESS Christian-DIR in.front religion did.be-AOP time was 1pl.gen-DAT,1pl.abs then before still Christian religion be.in.CONT-AOP time was 1pl.gen-DAT
st_test_lezg1247_74,lezg1247,yes,1pl.abs-FOC hidden-AOR stopped.AOR-AOR,1pl.abs-FOC HID-AOR stopped.AOR-AOR
st_test_lezg1247_74,lezg1247,no,1pl.abs-FOC HID-AOR stopped.AOR-AOR,1pl.abs-FOC HID-AOR stopped.AOR-AOR
st_test_lezg1247_75,lezg1247,yes,here-FOC then time finish happened-AOR,here-FOC then time finish happened-AOR
st_test_lezg1247_75,lezg1247,no,here-FOC then time finish happened-AOR,here-FOC then time finish happened-AOR
st_test_lezg1247_76,lezg1247,yes,and Rafik-ERG-GEN very material-FOC raw-DIR happened-AOP material that.the.same saying-INESS record-FOC 1pl.gen-DAT want-FUT that 1pl.erg combine-AOC one work on.erg-SPSS dress-MSD,But Rafik's-OBL-GEN raw material-FOC 2pl.abs-ERG shooting-AOP material that.the.same stage-INESS it.also-FOC 1pl.gen-DAT want-FUT that 1pl.erg combine.will-AOR one thing over-SPSS take.out-HORT
st_test_lezg1247_76,lezg1247,no,but Rafik-ERG-GEN very-PST material-ERG-SPSS right us-AOP material that.the.same saying-INESS right.away-FOC 1pl.gen-DAT want-FUT that 1pl.erg combine-AOC one work on.erg-SPSS dream-SBST,But Rafik's-OBL-GEN raw material-FOC 2pl.abs-ERG shooting-AOP material that.the.same stage-INESS it.also-FOC 1pl.gen-DAT want-FUT that 1pl.erg combine.will-AOR one thing over-SPSS take.out-HORT
st_test_lezg1247_77,lezg1247,yes,answer was ashuq give.will 2sg-DAT 2sg.gen will-SBSS sweetheart is-FOC?,answer was ashuq boy 2sg-DAT 2sg.gen want-ERG sweetheart is-Q
st_test_lezg1247_77,lezg1247,no,answer was ashuq give.when 2sg.dat 2sg.gen dear-FOC sweetheart is-FOC?,answer was ashuq boy 2sg-DAT 2sg.gen want-ERG sweetheart is-Q
st_test_lezg1247_78,lezg1247,yes,1sg.ERG-DAT often-FOC drinking time-OBL-SPSS-AOP 1sg.abs seen go-DAT return-AOR-FOC 1sg.ERG-DAT often-FOC so.much bug seen-PERF-PST,1sg.ERG-DAT never-FOC small time-OBL-SUPER-EL 1sg.abs so.much go-NFIN return-AOR-FOC 1sg.ERG-DAT never-FOC like.that bug see-PERF-NEG.PST
st_test_lezg1247_78,lezg1247,no,1sg.ERG-DAT childhood-POESS-FOC go-NFIN time-PL-ERG-SPSS-AOP 1sg.abs seen-AOR-FOC good return-AOR-FOC 1sg.ERG-DAT childhood-POESS-FOC so.much bug to.see-PERF-NEG.PST,1sg.ERG-DAT never-FOC small time-OBL-SUPER-EL 1sg.abs so.much go-NFIN return-AOR-FOC 1sg.ERG-DAT never-FOC like.that bug see-PERF-NEG.PST
st_test_lezg1247_79,lezg1247,yes,1pl.abs STAYED.TALKING,1pl.abs STAYED.TALKING
st_test_lezg1247_79,lezg1247,no,1pl.abs STAYED.TALKING,1pl.abs STAYED.TALKING
st_test_lezg1247_80,lezg1247,yes,there-PST then with return-PERF 1pl.abs Soviet-OBL-GEN country.to-OBL-DAT,there-PST then with return-PERF 1pl.abs Soviet-ERG-GEN country.to-DIR-DAT
st_test_lezg1247_80,lezg1247,no,there-PST then with return-PERF 1pl.abs Soviet-ERG-GEN country.to-DIR-DAT,there-PST then with return-PERF 1pl.abs Soviet-ERG-GEN country.to-DIR-DAT
st_test_lezg1247_81,lezg1247,yes,06 ŀ8,06 18
st_test_lezg1247_81,lezg1247,no,06 ŀ8,06 18
st_test_lezg1247_82,lezg1247,yes,return-AOR himself boy-DIR-GEN to more-FOC,return-INESS himself boy-DIR-GEN to more-FOC
st_test_lezg1247_82,lezg1247,no,return-ENT himself boy-DIR-GEN to more-FOC,return-INESS himself boy-DIR-GEN to more-FOC
st_test_lezg1247_83,lezg1247,yes,1sg.ERG-DAT great fear be-AOR,1sg.ERG-DAT great fear be-AOR
st_test_lezg1247_83,lezg1247,no,1sg.ERG-DAT great fear be-AOR,1sg.ERG-DAT great fear be-AOR
st_test_lezg1247_84,lezg1247,yes,1pl.abs say-IPFV end-DIR-GEN together together be-FUT-PST,1pl.abs say-IPFV doomsday-DIR-GEN day.till together be-FUT-PST-PURP
st_test_lezg1247_84,lezg1247,no,1pl.abs say-IPFV end-DIR-GEN together together be-FUT-PST,1pl.abs say-IPFV doomsday-DIR-GEN day.till together be-FUT-PST-PURP
st_test_lezg1247_85,lezg1247,yes,he-INESS Khirdalan-INESS cop,Baku-INESS Khyrdalan-INESS cop
st_test_lezg1247_85,lezg1247,no,Baku-INESS Baku-INESS cop,Baku-INESS Khyrdalan-INESS cop
st_test_lezg1247_86,lezg1247,yes,but that.the.same 1pl.erg know-FUT-NEG take-FUT-Q take-FUT-NEG-Q,but still.be.remain 1pl.erg know-ENT-NEG give-FUT-AND give-FUT-NEG-AND
st_test_lezg1247_86,lezg1247,no,but that.the.same 1pl.erg know-NEG to.give-FUT-Q to.give-FUT-Q,but still.be.remain 1pl.erg know-ENT-NEG give-FUT-AND give-FUT-NEG-AND
